City_ID,City,Lat,Lng,Max Temp,Humidity,Cloudiness,Wind Speed,Country,Date
0,kapaa,22.0752,-159.319,26.99,77,40,6.17,US,1651608887
1,barrow,71.2906,-156.7887,-5.99,86,100,5.14,US,1651608707
2,busselton,-33.65,115.3333,13.33,68,84,4.85,AU,1651608889
3,mar del plata,-38.0023,-57.5575,16.08,59,0,6.17,AR,1651608890
4,vaini,-21.2,-175.2,23.09,88,20,2.57,TO,1651608890
5,weiser,44.251,-116.9693,16.05,59,24,5.81,US,1651608891
6,ushuaia,-54.8,-68.3,6.79,75,20,11.32,AR,1651608629
7,denpasar,-8.65,115.2167,26.81,94,40,2.06,ID,1651608892
8,thompson,55.7435,-97.8558,-1.91,69,75,2.06,CA,1651608893
9,san patricio,28.017,-97.5169,30.05,68,100,7.05,US,1651608893
10,chokurdakh,70.6333,147.9167,-2.69,96,100,1.76,RU,1651608894
11,esperance,-33.8667,121.9,14.2,62,100,6.06,AU,1651608895
12,atuona,-9.8,-139.0333,26.33,78,16,7.8,PF,1651608896
13,padang,-0.9492,100.3543,25.46,90,100,2.19,ID,1651608896
14,mombetsu,44.3525,143.3525,4.62,87,100,2.81,JP,1651608897
15,port alfred,-33.5906,26.891,17.32,94,68,1.34,ZA,1651608898
16,auras,26.9167,80.5167,28.97,42,2,4.26,IN,1651608899
17,albany,42.6001,-73.9662,18.71,57,100,1.79,US,1651608831
18,qarqin,37.4185,66.0436,24.93,41,100,5.26,AF,1651608899
19,punta arenas,-53.15,-70.9167,7.01,79,75,15.95,CL,1651608893
20,bichena,10.45,38.2,18.16,42,46,1.34,ET,1651608900
21,lahaina,20.8783,-156.6825,25.58,94,94,4.46,US,1651608807
22,cherskiy,68.75,161.3,0.39,81,91,5.93,RU,1651608901
23,guerrero negro,27.9769,-114.0611,19.78,59,100,6.7,MX,1651608902
24,rikitea,-23.1203,-134.9692,25.3,77,100,7.83,PF,1651608903
25,wright,45.1833,-93.9502,14.71,50,0,4.63,US,1651608903
26,ambanja,-13.6833,48.45,23.76,90,76,1.4,MG,1651608904
27,lebu,-37.6167,-73.65,13.13,85,16,7.72,CL,1651608905
28,hobart,-42.8794,147.3294,13.48,90,75,3.09,AU,1651608880
29,aleksandrov gay,50.147,48.5704,10.11,42,9,2.66,RU,1651608906
30,clyde river,70.4692,-68.5914,-7.73,73,10,3.93,CA,1651608698
31,hermanus,-34.4187,19.2345,16.75,93,0,3.43,ZA,1651608907
32,prado,-17.3411,-39.2208,25.18,73,0,3.11,BR,1651608908
33,lermontov,44.1067,42.9733,6.68,93,75,4.0,RU,1651608909
34,provideniya,64.3833,-173.3,-6.22,52,37,4.96,RU,1651608909
35,palmer,42.1584,-72.3287,13.65,70,100,1.54,US,1651608910
36,ilulissat,69.2167,-51.1,-1.99,74,75,3.6,GL,1651608911
37,margate,51.3813,1.3862,10.73,81,43,0.45,GB,1651608911
38,champerico,14.3,-91.9167,36.3,63,57,5.61,GT,1651608912
39,norman wells,65.282,-126.8329,14.02,44,75,9.77,CA,1651608913
40,salamiyah,35.0113,37.0532,23.59,31,36,3.7,SY,1651608915
41,pevek,69.7008,170.3133,-8.65,93,95,1.71,RU,1651608915
42,mitu,1.1983,-70.1733,27.49,78,100,0.53,CO,1651608916
43,isangel,-19.55,169.2667,25.88,85,13,1.86,VU,1651608917
44,nizwa,22.9333,57.5333,27.18,18,0,2.45,OM,1651608917
45,dikson,73.5069,80.5464,-19.15,100,64,1.6,RU,1651608918
46,naze,28.3667,129.4833,18.32,62,100,3.18,JP,1651608919
47,cooma,-36.2333,149.1333,5.83,93,28,1.73,AU,1651608919
48,ahmadnagar,19.0833,74.7333,28.24,46,0,5.35,IN,1651608920
49,la ronge,55.1001,-105.2842,0.14,86,100,7.2,CA,1651608909
50,iqaluit,63.7506,-68.5145,-8.15,72,20,8.05,CA,1651608921
51,rajapur,25.3833,81.15,33.08,40,59,5.65,IN,1651608922
52,genhe,50.7833,121.5167,6.7,69,100,4.05,CN,1651608922
53,castro,-24.7911,-50.0119,17.73,90,100,3.68,BR,1651608923
54,valcele,45.85,25.6833,9.89,58,100,1.22,RO,1651608924
55,llangefni,53.2556,-4.3106,11.17,93,100,5.14,GB,1651608924
56,havoysund,70.9963,24.6622,-1.87,64,68,13.34,NO,1651608925
57,rio gallegos,-51.6226,-69.2181,11.03,35,20,13.89,AR,1651608925
58,adre,13.4667,22.2,30.97,22,56,1.82,TD,1651608926
59,bluff,-46.6,168.3333,6.0,87,16,3.01,NZ,1651608926
60,saint-philippe,-21.3585,55.7679,21.77,83,50,4.76,RE,1651608927
61,kupang,-10.1667,123.5833,26.0,78,10,3.79,ID,1651608928
62,kaitangata,-46.2817,169.8464,9.0,83,6,1.59,NZ,1651608929
63,yellowknife,62.456,-114.3525,6.29,56,75,10.29,CA,1651608910
64,klaksvik,62.2266,-6.589,8.51,97,100,8.54,FO,1651608929
65,lamu,-2.2717,40.902,27.12,80,100,8.6,KE,1651608930
66,visby,57.6409,18.296,4.34,75,14,4.63,SE,1651608931
67,mataura,-46.1927,168.8643,5.82,93,11,1.22,NZ,1651608932
68,sao filipe,14.8961,-24.4956,22.95,76,0,4.32,CV,1651608933
69,georgetown,5.4112,100.3354,26.96,89,20,0.0,MY,1651608664
70,sorata,-15.7667,-68.6333,10.62,85,94,3.76,BO,1651608933
71,tasiilaq,65.6145,-37.6368,-1.91,77,100,2.33,GL,1651608934
72,camacha,33.0833,-16.3333,15.68,67,40,6.17,PT,1651608934
73,asosa,10.0667,34.5333,19.53,72,97,0.77,ET,1651608935
74,vila velha,-20.3297,-40.2925,27.97,78,20,6.69,BR,1651608935
75,fortuna,40.5982,-124.1573,17.14,67,20,5.66,US,1651608936
76,dudinka,69.4058,86.1778,-8.54,99,100,2.45,RU,1651608937
77,leningradskiy,69.3833,178.4167,-9.36,90,86,2.54,RU,1651608937
78,yatou,37.15,122.3833,13.7,83,0,6.65,CN,1651608938
79,chipinge,-20.1883,32.6236,12.59,95,27,1.23,ZW,1651608938
80,chuy,-33.6971,-53.4616,16.47,62,20,3.21,UY,1651608941
81,srandakan,-7.9386,110.2506,25.68,90,100,2.87,ID,1651608941
82,altamira,-3.2033,-52.2064,27.05,94,40,1.03,BR,1651608942
83,hithadhoo,-0.6,73.0833,27.2,82,94,7.37,MV,1651608942
84,broken hill,-31.95,141.4333,13.72,49,0,3.88,AU,1651608943
85,saldanha,-33.0117,17.9442,15.03,94,43,6.37,ZA,1651608943
86,hilo,19.7297,-155.09,25.71,96,100,3.6,US,1651608944
87,ostrovnoy,68.0531,39.5131,-2.63,67,100,9.68,RU,1651608944
88,atar,20.5169,-13.0499,32.97,11,0,3.74,MR,1651608945
89,rawson,-43.3002,-65.1023,20.68,35,100,9.67,AR,1651608945
90,acapulco,16.8634,-99.8901,30.9,66,75,2.57,MX,1651608946
91,pedernales,18.0384,-71.744,31.0,55,6,7.16,DO,1651608946
92,elizabeth city,36.2946,-76.2511,32.01,69,40,7.2,US,1651608947
93,bacungan,9.9106,118.7022,25.53,87,100,0.79,PH,1651608948
94,new norfolk,-42.7826,147.0587,13.29,84,100,2.57,AU,1651608949
95,longyearbyen,78.2186,15.6401,-11.09,62,40,3.09,SJ,1651608950
96,qaanaaq,77.484,-69.3632,-7.2,66,100,0.2,GL,1651608950
97,ucluelet,48.9329,-125.5528,8.94,84,100,1.53,CA,1651608805
98,torbay,47.6666,-52.7314,8.49,82,75,7.72,CA,1651608951
99,gazanjyk,39.2446,55.5154,19.97,66,100,3.36,TM,1651608952
100,jamestown,42.097,-79.2353,15.77,84,100,6.17,US,1651608909
101,darnah,32.767,22.6367,16.09,85,0,6.45,LY,1651608952
102,celestun,20.8667,-90.4,31.6,58,15,4.64,MX,1651608953
103,half moon bay,37.4636,-122.4286,26.34,41,0,7.2,US,1651608953
104,qasigiannguit,68.8193,-51.1922,-1.86,91,100,2.6,GL,1651608954
105,whitehorse,60.7161,-135.0538,8.43,44,75,8.23,CA,1651608928
106,port lincoln,-34.7333,135.8667,13.69,62,70,7.38,AU,1651608954
107,cabo san lucas,22.8909,-109.9124,28.67,44,0,4.63,MX,1651608895
108,caloundra,-26.8,153.1333,18.96,91,56,1.34,AU,1651608955
109,faya,18.3851,42.4509,19.06,51,22,1.88,SA,1651608956
110,ust-nera,64.5667,143.2,-6.11,95,82,1.73,RU,1651608956
111,pueblo,38.2545,-104.6091,19.88,41,0,4.63,US,1651608920
112,kyabe,9.4515,18.9449,28.94,57,100,3.36,TD,1651608957
113,kieta,-6.2167,155.6333,26.41,84,86,0.61,PG,1651608957
114,tutoia,-2.7619,-42.2744,27.45,84,99,3.3,BR,1651608958
115,lakes entrance,-37.8811,147.981,12.03,78,0,2.47,AU,1651608959
116,upernavik,72.7868,-56.1549,-10.8,86,15,4.54,GL,1651608774
117,nantucket,41.2835,-70.0995,13.06,66,100,6.17,US,1651608746
118,filadelfia,39.9523,-75.1638,24.43,52,75,6.69,US,1651608908
119,zhezkazgan,47.8043,67.7144,13.9,48,100,7.31,KZ,1651608960
120,laguna,38.421,-121.4238,25.6,26,0,7.72,US,1651608961
121,tuktoyaktuk,69.4541,-133.0374,-4.0,93,100,5.14,CA,1651608962
122,talnakh,69.4865,88.3972,-8.77,95,100,2.81,RU,1651608962
123,mount gambier,-37.8333,140.7667,10.21,86,94,3.07,AU,1651608963
124,puerto ayora,-0.7393,-90.3518,27.98,78,81,4.39,EC,1651608964
125,ust-maya,60.4167,134.5333,-0.68,85,51,3.85,RU,1651608964
126,kingman,35.1894,-114.053,23.96,8,0,4.12,US,1651608887
127,krasnyy chikoy,50.3643,108.7512,9.1,88,99,0.26,RU,1651608965
128,nemuro,43.3236,145.575,5.66,86,89,8.09,JP,1651608863
129,eldama ravine,0.0516,35.7308,14.49,90,100,0.85,KE,1651608966
130,kiunga,-6.1219,141.2906,22.88,100,100,0.77,PG,1651608967
131,roma,43.2128,-75.4557,19.97,59,75,2.06,US,1651608967
132,codrington,-38.2667,141.9667,12.26,78,97,4.07,AU,1651608968
133,waitati,-45.75,170.5667,12.67,85,12,1.11,NZ,1651608968
134,east london,-33.0153,27.9116,19.94,55,84,2.03,ZA,1651608969
135,caravelas,-17.7125,-39.2481,25.08,72,0,2.54,BR,1651608969
136,hofn,64.2539,-15.2082,6.03,88,100,1.45,IS,1651608970
137,villanueva,15.3167,-88.0,33.35,55,20,7.72,HN,1651608970
138,mareeba,-17.0,145.4333,19.69,93,4,0.97,AU,1651608971
139,wawa,9.9022,4.4192,31.3,47,83,1.54,NG,1651608971
140,valladolid,41.5833,-4.6667,12.13,74,26,7.21,ES,1651608972
141,owo,7.1962,5.5868,24.77,84,96,2.67,NG,1651608973
142,wawina,15.4167,-84.4333,29.26,76,100,2.8,HN,1651608973
143,butaritari,3.0707,172.7902,27.74,75,27,5.73,KI,1651608926
144,shingu,33.7333,135.9833,10.29,58,1,2.49,JP,1651608974
145,kahului,20.8947,-156.47,23.01,88,40,9.26,US,1651608975
146,bredasdorp,-34.5322,20.0403,16.06,97,3,0.67,ZA,1651608976
147,shimanovsk,52.0,127.7,2.19,72,100,1.91,RU,1651608976
148,kodiak,57.79,-152.4072,6.73,81,100,4.12,US,1651608977
149,huarmey,-10.0681,-78.1522,21.55,74,48,4.07,PE,1651608978
150,nioro,13.35,-15.75,30.34,28,99,3.1,GM,1651608979
151,cururupu,-1.8283,-44.8683,24.86,93,100,2.01,BR,1651608979
152,ocampo,21.65,-101.5,27.78,9,98,4.58,MX,1651608980
153,bilibino,68.0546,166.4372,-5.78,97,100,1.17,RU,1651608982
154,san carlos de bariloche,-41.1456,-71.3082,12.86,58,20,9.77,AR,1651608983
155,souillac,-20.5167,57.5167,25.21,88,40,3.09,MU,1651608984
156,hwange,-18.3693,26.5019,18.8,58,44,0.4,ZW,1651608985
157,zhuhai,22.2769,113.5678,22.84,68,0,3.09,CN,1651608986
158,katsuura,35.1333,140.3,15.72,66,0,5.74,JP,1651608986
159,marang,5.2056,103.2059,26.95,88,100,1.36,MY,1651608987
160,carnarvon,-24.8667,113.6333,16.04,77,0,4.63,AU,1651608988
161,sao joao da barra,-21.6403,-41.0511,28.05,80,31,5.24,BR,1651608989
162,haines junction,60.7522,-137.5108,8.97,43,93,3.09,CA,1651608989
163,kemin,42.7846,75.6892,14.79,96,100,2.0,KG,1651608990
164,mahebourg,-20.4081,57.7,25.16,88,40,3.09,MU,1651608991
165,katangli,51.7102,143.2326,-0.67,98,100,4.74,RU,1651608992
166,kautokeino,69.0125,23.0412,-9.27,84,80,3.84,NO,1651608992
167,narsaq,60.9167,-46.05,5.12,80,100,2.26,GL,1651608993
168,rabo de peixe,37.8,-25.5833,18.49,74,75,3.09,PT,1651608994
169,bangassou,4.7413,22.8184,21.6,83,92,0.34,CF,1651608994
170,saskylakh,71.9167,114.0833,-10.87,95,93,3.39,RU,1651608995
171,gharo,24.7424,67.5856,28.12,83,0,7.04,PK,1651608996
172,howard springs,-12.497,131.047,25.95,97,2,1.69,AU,1651608997
173,alugan,12.2188,125.4808,26.46,80,98,4.48,PH,1651608997
174,mehamn,71.0357,27.8492,-4.05,84,100,7.36,NO,1651608998
175,bati,11.1833,40.0167,22.97,38,4,2.85,ET,1651608999
176,tuatapere,-46.1333,167.6833,10.11,89,71,1.95,NZ,1651609000
177,fairbanks,64.8378,-147.7164,11.72,42,75,2.57,US,1651608809
178,shirgaon,19.7,72.7,27.93,80,2,3.11,IN,1651609001
179,sisimiut,66.9395,-53.6735,-3.3,86,99,9.8,GL,1651609001
180,maniitsoq,65.4167,-52.9,-2.9,86,100,0.48,GL,1651609002
181,tougue,11.4667,-11.6,24.19,55,81,0.85,GN,1651609003
182,ust-kuyga,70.0167,135.6,-10.72,96,100,1.75,RU,1651609003
183,yulara,-25.2406,130.9889,15.91,55,0,3.6,AU,1651609004
184,kaeo,-35.1,173.7833,12.96,96,18,3.77,NZ,1651609004
185,luwingu,-10.2621,29.9271,17.53,79,79,3.27,ZM,1651609005
186,cape town,-33.9258,18.4232,17.17,89,4,2.68,ZA,1651608773
187,tubuala,9.5167,-79.0333,29.07,74,60,3.33,PA,1651609006
188,anadyr,64.75,177.4833,-6.72,93,0,4.0,RU,1651609007
189,ostersund,63.1792,14.6357,-0.22,80,9,5.14,SE,1651609008
190,hasaki,35.7333,140.8333,10.22,70,0,7.27,JP,1651609008
191,kavieng,-2.5744,150.7967,27.63,80,100,3.92,PG,1651609009
192,grand gaube,-20.0064,57.6608,25.22,80,6,2.24,MU,1651609010
193,copiapo,-27.3667,-70.3333,16.83,24,0,1.9,CL,1651609011
194,sur,22.5667,59.5289,29.67,42,0,3.59,OM,1651609011
195,mocuba,-16.8392,36.9856,18.53,96,13,1.24,MZ,1651609012
196,opuwo,-18.0607,13.84,19.28,39,0,3.09,NA,1651609012
197,marsh harbour,26.5412,-77.0636,25.23,81,97,6.83,BS,1651609013
198,arraial do cabo,-22.9661,-42.0278,26.98,78,0,5.66,BR,1651609013
199,ribeira grande,38.5167,-28.7,18.22,82,20,3.09,PT,1651609014
200,popondetta,-8.7537,148.2534,23.06,95,75,1.16,PG,1651609015
201,laizhou,37.1717,119.9214,18.03,49,2,6.62,CN,1651609015
202,namibe,-15.1961,12.1522,23.56,76,18,2.12,AO,1651609016
203,puerto escondido,15.85,-97.0667,31.46,66,0,4.63,MX,1651609016
204,meulaboh,4.1363,96.1285,24.54,89,100,1.97,ID,1651609017
205,tommot,58.9564,126.2925,-3.51,89,100,1.51,RU,1651609017
206,zhanaozen,43.3,52.8,14.69,38,94,4.45,KZ,1651609018
207,lorengau,-2.0226,147.2712,27.55,79,98,1.86,PG,1651609018
208,san quintin,30.4833,-115.95,18.09,63,77,7.9,MX,1651609019
209,sitka,57.0531,-135.33,7.94,71,100,5.14,US,1651608842
210,catamarca,-28.4696,-65.7852,24.32,31,0,0.89,AR,1651609019
211,cam ranh,11.9214,109.1591,25.98,78,40,4.12,VN,1651609020
212,chkalovskoye,44.8392,133.0436,5.54,82,99,0.28,RU,1651609021
213,banda aceh,5.5577,95.3222,26.03,84,100,6.19,ID,1651609021
214,monrovia,6.3005,-10.7969,27.42,82,14,4.37,LR,1651609022
215,talcahuano,-36.7167,-73.1167,18.82,59,0,6.17,CL,1651609022
216,mason city,43.1536,-93.201,11.85,65,100,6.69,US,1651608815
217,nikolskoye,59.7035,30.7861,4.37,65,24,3.81,RU,1651609023
218,veraval,20.9,70.3667,27.44,85,0,3.78,IN,1651609023
219,hay river,60.8156,-115.7999,9.99,40,20,8.75,CA,1651609024
220,nishihara,26.1842,127.7558,21.6,53,75,3.6,JP,1651609025
221,alpena,45.0617,-83.4327,8.18,96,100,5.66,US,1651609025
222,tabou,4.423,-7.3528,27.4,79,7,3.05,CI,1651609026
223,hamilton,39.1834,-84.5333,22.57,87,100,6.17,US,1651608927
224,port hardy,50.6996,-127.4199,7.1,93,100,3.09,CA,1651609027
225,bambous virieux,-20.3428,57.7575,25.14,88,40,3.09,MU,1651609027
226,hirado,33.3597,129.5531,14.87,61,0,2.38,JP,1651609028
227,ayna,-12.65,-73.9167,20.13,76,91,1.18,PE,1651609028
228,strezhevoy,60.7333,77.5889,-4.96,96,10,1.6,RU,1651609029
229,wanning,18.8003,110.3967,20.68,82,100,4.36,CN,1651609030
230,bethel,41.3712,-73.414,15.91,77,100,3.09,US,1651609030
231,komsomolskiy,40.4272,71.7189,21.4,56,100,2.06,UZ,1651609031
232,grindavik,63.8424,-22.4338,5.26,75,75,9.26,IS,1651609031
233,santiago del estero,-27.7951,-64.2615,21.52,31,0,1.49,AR,1651608787
234,bataipora,-22.2953,-53.2711,19.43,92,95,5.15,BR,1651609032
235,cidreira,-30.1811,-50.2056,17.87,92,100,9.29,BR,1651609033
236,kargala,56.6208,83.9607,-0.28,88,7,1.86,RU,1651609033
237,forio,40.7342,13.8646,15.81,80,52,0.89,IT,1651609034
238,namatanai,-3.6667,152.4333,26.56,83,43,2.68,PG,1651609034
239,iligan,8.2282,124.2412,25.22,89,97,1.7,PH,1651609035
240,ixtapa,20.7,-105.2,27.57,61,75,4.12,MX,1651609036
241,esso,55.9333,158.7,-3.44,94,76,1.17,RU,1651608743
242,dingle,10.9995,122.6711,24.66,85,100,2.84,PH,1651609036
243,avarua,-21.2078,-159.775,27.03,89,75,3.6,CK,1651609037
244,awjilah,29.1081,21.2869,20.32,37,0,6.46,LY,1651609037
245,praia da vitoria,38.7333,-27.0667,17.64,88,40,3.71,PT,1651609038
246,dondo,-19.6094,34.7431,23.73,89,81,1.38,MZ,1651609039
247,kisangani,0.5167,25.2,21.52,99,100,0.72,CD,1651609039
248,rio grande,-32.035,-52.0986,18.06,83,100,6.96,BR,1651609040
249,araouane,18.9048,-3.5265,29.53,11,70,2.08,ML,1651609040
250,beloha,-25.1667,45.05,19.41,78,0,4.75,MG,1651609041
251,tazmalt,36.3868,4.3989,17.05,76,48,1.73,DZ,1651609042
252,palu,-0.8917,119.8707,24.48,95,100,1.41,ID,1651609043
253,mercedes,-34.6515,-59.4307,18.25,41,0,0.12,AR,1651609043
254,vardo,70.3705,31.1107,-6.01,73,40,9.77,NO,1651609044
255,podzvizd,45.1742,15.8736,9.89,80,88,1.33,BA,1651609044
256,sembe,1.6481,14.5806,24.45,84,98,1.16,CG,1651609045
257,skibbereen,51.55,-9.2667,12.28,91,73,5.0,IE,1651609046
258,buraydah,26.326,43.975,28.25,15,1,5.33,SA,1651609046
259,bamora,24.0552,78.0909,33.31,18,60,3.12,IN,1651609047
260,omsukchan,62.5333,155.8,-6.36,97,98,2.03,RU,1651609048
261,jibuti,11.5,42.5,26.41,68,0,5.37,DJ,1651609049
262,college,64.8569,-147.8028,11.67,42,75,2.57,US,1651609049
263,kruisfontein,-34.0033,24.7314,17.16,94,0,2.41,ZA,1651609050
264,izhevsk,56.85,53.2333,11.74,49,97,1.34,RU,1651608788
265,saint anthony,45.0205,-93.218,15.06,46,0,6.17,US,1651609050
266,mandera,3.9366,41.867,27.36,67,100,7.57,KE,1651609051
267,baghdad,33.3406,44.4009,28.95,24,0,3.6,IQ,1651609052
268,ponta do sol,32.6667,-17.1,17.78,54,30,2.37,PT,1651609052
269,erdemli,36.605,34.3084,21.77,61,10,1.44,TR,1651609053
270,young,-32.6833,-57.6333,16.56,66,22,2.62,UY,1651609053
271,smidovich,48.6,133.8167,2.83,86,9,3.02,RU,1651609054
272,port elizabeth,-33.918,25.5701,18.51,99,75,5.14,ZA,1651609054
273,victoria,22.2855,114.1577,22.99,72,39,2.68,HK,1651608908
274,vestmannaeyjar,63.4427,-20.2734,6.36,91,97,13.59,IS,1651609055
275,kuching,1.55,110.3333,26.12,94,20,0.0,MY,1651609055
276,ahipara,-35.1667,173.1667,14.22,83,75,2.93,NZ,1651609056
277,bara,10.3744,10.7288,33.46,31,47,2.1,NG,1651609056
278,madimba,-10.4,40.3333,23.61,86,0,4.17,TZ,1651609057
279,bathsheba,13.2167,-59.5167,27.29,77,8,8.36,BB,1651609057
280,tiksi,71.6872,128.8694,-15.58,100,88,2.36,RU,1651609058
281,numata,36.6333,139.05,6.75,80,2,1.74,JP,1651609059
282,sola,-13.8833,167.55,27.76,73,81,4.54,VU,1651609059
283,devils lake,48.1128,-98.8651,7.06,65,0,0.0,US,1651609060
284,turayf,31.6725,38.6637,23.63,21,37,8.03,SA,1651608766
285,nueva gerona,21.8833,-82.8,29.7,62,1,6.2,CU,1651609060
286,tete,-16.1564,33.5867,23.05,68,75,2.06,MZ,1651609061
287,ambunti,-4.2365,142.8448,23.5,100,100,0.55,PG,1651609061
288,ancud,-41.8697,-73.8203,11.66,96,100,4.53,CL,1651609062
289,khatanga,71.9667,102.5,-10.13,94,100,2.95,RU,1651609062
290,tromso,69.6496,18.957,-0.9,69,75,3.09,NO,1651608954
291,takaka,-40.85,172.8,15.31,91,3,1.15,NZ,1651609063
292,road town,18.4167,-64.6167,28.05,74,20,5.14,VG,1651609064
293,houma,29.5958,-90.7195,31.12,56,40,2.68,US,1651608956
294,baculin,7.4525,126.5842,25.16,91,100,2.09,PH,1651609064
295,chippewa falls,44.9369,-91.3929,15.1,48,40,6.17,US,1651609018
296,asau,46.4333,26.4,9.97,81,98,1.65,RO,1651609065
297,jutai,-5.1833,-68.9,30.54,64,82,0.77,BR,1651609065
298,alekseyevsk,57.8406,108.3492,-0.2,90,18,4.52,RU,1651609066
299,beyneu,45.3167,55.2,15.57,71,73,2.69,KZ,1651609067
300,camana,-16.6228,-72.7111,20.41,79,100,3.85,PE,1651609067
301,redlands,34.0556,-117.1825,27.95,49,0,2.57,US,1651608911
302,panshi,42.9422,126.0561,10.94,57,8,4.68,CN,1651609068
303,kununurra,-15.7667,128.7333,20.99,88,0,0.0,AU,1651608837
304,yerbogachen,61.2767,108.0108,-2.39,95,100,6.03,RU,1651609069
305,vysokogornyy,50.1167,139.15,-2.24,94,100,1.44,RU,1651609070
306,linxia,35.6003,103.2064,10.35,32,7,1.66,CN,1651609070
307,shimoda,34.6667,138.95,10.06,64,0,4.06,JP,1651609071
308,mahajanga,-15.7167,46.3167,25.01,78,20,1.54,MG,1651609072
309,tsiroanomandidy,-18.7667,46.0333,20.66,74,78,0.91,MG,1651609073
310,jiuquan,39.7432,98.5174,18.25,9,0,3.86,CN,1651609074
311,bure,10.7,37.0667,19.48,55,89,3.04,ET,1651609074
312,bireun,5.203,96.7009,25.71,78,100,1.29,ID,1651609075
313,gat,31.61,34.7642,21.89,100,1,4.29,IL,1651609075
314,alofi,-19.0595,-169.9187,25.94,73,100,3.6,NU,1651609076
315,port macquarie,-31.4333,152.9167,12.16,92,17,2.28,AU,1651609076
316,touros,-5.1989,-35.4608,27.11,83,26,5.91,BR,1651608997
317,xaxim,-26.9617,-52.5347,15.21,99,100,1.95,BR,1651609077
318,eyl,7.9803,49.8164,29.29,77,3,4.71,SO,1651609078
319,belogorsk,50.9158,128.4611,3.38,61,100,3.13,RU,1651609078
320,icod de los vinos,28.3724,-16.7119,19.7,80,13,3.79,ES,1651609079
321,priiskovyy,51.9333,116.6333,7.52,50,99,2.04,RU,1651609080
322,acarau,-2.8856,-40.12,26.87,84,69,5.88,BR,1651609080
323,det udom,14.906,105.0784,19.9,86,100,2.57,TH,1651609081
324,lodja,-3.4833,23.4333,22.3,91,75,0.72,CD,1651609081
325,launceston,-41.45,147.1667,14.8,87,100,7.72,AU,1651609082
326,natal,-5.795,-35.2094,29.12,79,40,6.69,BR,1651609082
327,alzamay,55.5562,98.6644,2.47,97,100,1.67,RU,1651609083
328,shu,43.5983,73.7614,16.55,95,100,2.57,KZ,1651609083
329,atambua,-9.1061,124.8925,23.18,88,47,1.81,ID,1651609084
330,najran,17.4924,44.1277,26.36,17,64,1.92,SA,1651609084
331,nanortalik,60.1432,-45.2371,1.65,85,72,2.62,GL,1651609085
332,aksu,41.1231,80.2644,21.2,16,3,1.74,CN,1651609086
333,barra da estiva,-13.6261,-41.3269,24.01,46,75,2.55,BR,1651609086
334,cap malheureux,-19.9842,57.6142,24.15,80,4,2.24,MU,1651609087
335,port moresby,-9.4431,147.1797,24.68,94,40,1.54,PG,1651608979
336,tecalitlan,19.4667,-103.3,29.25,11,100,3.74,MX,1651609088
337,tessalit,20.1986,1.0114,29.14,8,62,3.58,ML,1651609088
338,van,38.4924,43.3831,8.64,93,75,1.54,TR,1651608910
339,saint-leu,-21.15,55.2833,21.48,78,6,6.59,RE,1651609089
340,sukhumi,43.0033,41.0153,13.37,85,100,1.81,GE,1651609090
341,rognan,67.0953,15.3878,1.08,78,100,1.89,NO,1651609090
342,prince george,53.9166,-122.753,12.06,60,100,5.22,CA,1651608804
343,jiblah,13.9216,44.1467,19.26,62,98,1.48,YE,1651609091
344,nome,64.5011,-165.4064,-1.96,43,0,2.57,US,1651609092
345,halifax,44.6453,-63.5724,14.83,60,19,2.24,CA,1651608893
346,tucuman,-26.8241,-65.2226,22.0,40,0,2.06,AR,1651609092
347,cayenne,4.9333,-52.3333,28.38,1,75,3.6,GF,1651608802
348,chulman,56.8479,124.9104,-7.6,95,98,1.7,RU,1651609093
349,ponta delgada,37.7333,-25.6667,19.17,100,75,3.09,PT,1651609094
350,constitucion,-35.3333,-72.4167,17.77,56,2,6.26,CL,1651608956
351,sechura,-5.5569,-80.8222,24.1,63,25,7.14,PE,1651609094
352,chivay,-15.6383,-71.6011,16.92,24,20,5.22,PE,1651609095
353,karratha,-20.7377,116.8463,26.23,58,0,1.66,AU,1651609095
354,boyolangu,-8.1181,111.8935,24.67,93,99,1.54,ID,1651609096
355,tigil,57.8,158.6667,-2.86,93,79,0.8,RU,1651609097
356,flin flon,54.7682,-101.865,-1.09,86,100,3.6,CA,1651608910
357,petukhovo,55.0692,67.9019,6.76,52,2,2.69,RU,1651609097
358,logan lake,50.4998,-120.8025,15.91,55,98,4.38,CA,1651609098
359,roald,62.5833,6.1333,6.53,70,0,4.63,NO,1651609099
360,aquin,18.2833,-73.4,28.45,71,1,4.35,HT,1651609099
361,trat,12.5,102.5,24.37,93,100,2.85,TH,1651609065
362,pundaguitan,6.3711,126.1689,27.0,78,100,5.13,PH,1651609100
363,teknaf,20.8624,92.3058,26.32,85,13,2.48,BD,1651609100
364,havre-saint-pierre,50.2334,-63.5986,9.2,53,0,4.12,CA,1651609101
365,hovd,48.0056,91.6419,13.56,61,63,0.45,MN,1651609102
366,geraldton,-28.7667,114.6,14.23,67,0,6.17,AU,1651609103
367,sakakah,29.9697,40.2064,30.76,13,2,4.79,SA,1651609104
368,saint george,37.1041,-113.5841,22.57,11,0,6.69,US,1651608812
369,liverpool,53.4106,-2.9779,13.67,79,20,1.54,GB,1651608909
370,pinega,64.7001,43.3936,-1.2,95,98,3.11,RU,1651609104
371,tecoanapa,16.5167,-98.75,31.33,48,100,5.64,MX,1651609105
372,itaueira,-7.6033,-43.0256,30.37,47,100,2.63,BR,1651609106
373,phayakkhaphum phisai,15.5163,103.1937,19.67,75,100,4.23,TH,1651609106
374,loiza,18.4313,-65.8802,31.01,85,6,6.82,PR,1651609107
375,sunrise manor,36.2111,-115.0731,27.12,8,0,11.32,US,1651609107
376,salalah,17.0151,54.0924,29.05,89,0,1.03,OM,1651609009
377,buala,-8.145,159.5921,26.67,74,81,1.93,SB,1651609108
378,thyolo,-16.0678,35.1405,14.86,97,68,1.83,MW,1651609109
379,urumqi,43.801,87.6005,18.53,49,98,1.0,CN,1651609109
380,aswan,24.0934,32.907,32.89,16,4,6.65,EG,1651609110
381,pyshma,56.9523,63.2513,6.76,63,49,3.51,RU,1651609110
382,baykit,61.67,96.37,-1.82,87,100,4.43,RU,1651609111
383,buchlovice,49.0863,17.3385,15.86,79,97,1.67,CZ,1651609111
384,nyuzen,36.9333,137.5,11.62,50,5,4.21,JP,1651609112
385,luderitz,-26.6481,15.1594,19.25,56,0,4.23,NA,1651609112
386,camargo,27.6667,-105.1667,32.4,3,8,2.99,MX,1651609113
387,manchester,53.4809,-2.2374,12.99,81,100,1.03,GB,1651608985
388,jining,35.405,116.5814,14.47,51,0,4.0,CN,1651609113
389,vilhena,-12.7406,-60.1458,24.75,82,100,2.77,BR,1651608877
390,tomislavgrad,43.7181,17.2267,7.06,87,21,1.9,BA,1651609114
391,pitimbu,-7.4706,-34.8086,28.33,81,95,5.09,BR,1651609115
392,lasa,46.6166,10.7002,11.49,97,98,0.53,IT,1651609116
393,waipawa,-41.4122,175.5153,11.41,91,1,1.43,NZ,1651609116
394,bellavista,-7.0561,-76.5911,32.79,44,32,1.08,PE,1651609117
395,tahe,52.3333,124.7333,0.18,40,93,1.64,CN,1651609117
396,kilinochchi,9.3961,80.3982,26.13,91,59,2.19,LK,1651609119
397,salina,38.8403,-97.6114,13.5,58,100,5.14,US,1651609017
398,vila franca do campo,37.7167,-25.4333,19.0,78,100,1.75,PT,1651609119
399,puerto parra,6.6515,-74.0573,35.17,46,20,0.31,CO,1651609120
400,ternate,0.8,127.4,27.25,80,81,0.87,ID,1651609120
401,nanakuli,21.3906,-158.1547,24.14,73,100,4.12,US,1651609121
402,andros town,24.7,-77.7667,25.98,72,43,5.98,BS,1651609121
403,gasa,31.5,34.4667,20.49,79,2,4.64,PS,1651609122
404,lubango,-14.9172,13.4925,15.36,51,20,1.8,AO,1651609123
405,san cristobal,7.7669,-72.225,31.1,44,20,3.42,VE,1651609123
406,coihueco,-36.6167,-71.8333,21.41,46,0,7.72,CL,1651609124
407,bengkulu,-3.8004,102.2655,23.94,93,100,2.15,ID,1651609124
408,bauchi,10.5,10.0,32.56,29,70,1.49,NG,1651609125
409,moba,33.2288,105.0179,6.84,89,0,1.74,CN,1651609125
410,goderich,43.7501,-81.7165,11.18,87,100,4.12,CA,1651608909
411,kloulklubed,7.0419,134.2556,24.28,75,26,5.79,PW,1651609126
412,wamba,8.9333,8.6,24.57,73,98,2.7,NG,1651609127
413,taoudenni,22.6783,-3.9836,33.24,11,51,3.38,ML,1651609127
414,olavarria,-36.8927,-60.3225,15.57,59,0,3.68,AR,1651609128
415,kabompo,-13.5927,24.2008,16.05,73,13,2.42,ZM,1651609128
416,ballina,-28.8667,153.5667,16.68,100,100,2.57,AU,1651609129
417,luan,46.3592,6.9759,9.1,79,92,1.39,CH,1651609129
418,meadow lake,34.8014,-106.5436,28.72,11,5,6.86,US,1651609130
419,tamandare,-8.7597,-35.1047,26.63,86,21,3.39,BR,1651609131
420,cortez,37.3489,-108.5859,21.13,20,20,9.26,US,1651609131
421,synya,65.3718,58.0387,3.25,96,100,5.34,RU,1651609132
422,puerto del rosario,28.5004,-13.8627,18.86,68,20,7.72,ES,1651609133
423,soria,41.6667,-2.6667,8.95,100,66,3.14,ES,1651609133
424,kedrovyy,56.1667,91.8167,2.23,84,43,4.31,RU,1651609134
425,otane,-39.8833,176.6333,12.23,92,100,0.85,NZ,1651609134
426,vao,-22.6667,167.4833,24.03,81,98,11.57,NC,1651609135
427,neftegorsk,52.802,51.166,8.72,53,10,3.07,RU,1651609135
428,boa vista,2.8197,-60.6733,31.99,51,75,4.12,BR,1651609136
429,honningsvag,70.9821,25.9704,-2.14,64,40,11.83,NO,1651609136
430,marrakesh,31.6315,-8.0083,18.04,52,75,4.63,MA,1651609137
431,uige,-7.6087,15.0613,20.0,86,15,1.64,AO,1651609137
432,raton,36.9034,-104.4391,23.51,26,0,4.63,US,1651609067
433,jalu,29.0331,21.5482,20.58,36,0,6.65,LY,1651609138
434,ivankiv,50.9386,29.8943,10.83,74,69,2.42,UA,1651609139
435,kadoma,34.7333,135.5833,14.25,72,0,1.03,JP,1651609139
436,necochea,-38.5473,-58.7368,16.01,50,0,5.15,AR,1651609140
437,hualmay,-11.0964,-77.6139,21.04,75,12,3.43,PE,1651609140
438,zhigansk,66.7697,123.3711,-16.57,98,24,1.77,RU,1651609141
439,zyryanka,65.75,150.85,-0.03,92,93,2.06,RU,1651609141
440,eregli,37.5133,34.0467,17.53,47,97,2.24,TR,1651609142
441,dunedin,-45.8742,170.5036,12.67,85,12,1.29,NZ,1651609143
442,lakefield,43.6775,-95.1717,12.13,60,100,3.6,US,1651609143
443,kangaatsiaq,68.3065,-53.4641,-6.73,86,100,6.78,GL,1651609144
444,iralaya,15.0,-83.2333,28.59,74,46,5.03,HN,1651609144
445,batagay-alyta,67.8006,130.4114,-12.42,95,98,1.84,RU,1651609145
446,svetlogorsk,52.6333,29.7333,8.77,85,99,2.88,BY,1651609145
447,paita,-5.0892,-81.1144,22.34,72,24,6.77,PE,1651609146
448,manaus,-3.1019,-60.025,31.27,66,40,1.54,BR,1651609147
449,broome,42.2506,-75.833,22.06,51,20,5.14,US,1651609147
450,fukuma,33.7667,130.4667,12.86,67,0,1.7,JP,1651609148
451,saint-georges,12.0564,-61.7485,29.82,70,20,9.77,GD,1651609149
452,honiara,-9.4333,159.95,26.23,84,52,0.92,SB,1651609149
453,sao jose da coroa grande,-8.8978,-35.1478,26.58,86,27,3.76,BR,1651609150
454,flinders,-34.5833,150.8552,12.99,88,0,0.89,AU,1651609150
455,iquique,-20.2208,-70.1431,18.02,73,16,2.73,CL,1651609151
456,mangai,-4.05,19.5333,22.45,95,79,0.2,CD,1651609151
457,itarema,-2.9248,-39.9167,26.51,87,61,5.66,BR,1651609152
458,lafiagi,8.8667,5.4167,30.85,56,99,3.75,NG,1651609152
459,pipar,26.3856,73.5378,32.05,27,0,6.65,IN,1651609153
460,lodwar,3.1191,35.5973,30.0,48,96,8.09,KE,1651609154
461,provost,52.3501,-110.2683,24.25,54,100,2.63,CA,1651608909
462,guanare,9.0418,-69.7421,33.01,49,90,2.57,VE,1651609154
463,labuhan,-6.8844,112.2051,25.84,89,97,3.16,ID,1651609155
464,killarney,52.05,-9.5167,11.52,90,52,1.72,IE,1651609155
465,matadi,-5.8167,13.45,26.16,85,94,0.75,CD,1651609156
466,xining,36.6167,101.7667,7.63,36,0,1.72,CN,1651609156
467,griffith,41.5284,-87.4237,10.12,95,100,6.17,US,1651609157
468,airai,-8.9266,125.4092,15.52,92,52,1.22,TL,1651609158
469,muli,2.9167,73.5667,28.01,79,100,9.13,MV,1651609158
470,wagar,16.1525,36.2032,34.24,29,0,5.42,SD,1651609159
471,arvika,59.6553,12.5852,5.34,47,100,1.29,SE,1651609159
472,san rafael,-34.6177,-68.3301,24.15,15,0,4.59,AR,1651609023
473,bonfim,3.0833,-59.95,30.03,54,92,4.15,BR,1651609160
474,wad madani,14.4012,33.5199,36.42,20,17,1.33,SD,1651609161
475,uruzgan,32.8333,66.0,16.08,58,100,5.34,AF,1651609161
476,ialibu,-6.2821,143.9935,12.64,95,74,1.19,PG,1651609162
477,mossoro,-5.1875,-37.3442,28.97,84,20,1.54,BR,1651609163
478,aklavik,68.2191,-135.0107,-1.0,80,100,5.14,CA,1651609164
479,middelburg,-25.7751,29.4648,14.44,53,1,2.0,ZA,1651609165
480,rodez,44.5,2.5833,11.82,93,0,1.03,FR,1651609165
481,tibati,6.4667,12.6333,22.75,78,100,5.21,CM,1651609166
482,te anau,-45.4167,167.7167,8.41,91,66,0.47,NZ,1651609166
483,suntar,62.1444,117.6319,-1.5,92,100,4.26,RU,1651609167
484,palana,59.1167,159.9667,-2.59,89,77,2.85,RU,1651609167
485,shwebo,22.5667,95.7,24.11,81,96,3.49,MM,1651609168
486,carlos antonio lopez,-26.4,-54.7667,13.34,98,100,2.25,PY,1651609169
487,pisco,-13.7,-76.2167,23.03,60,0,3.09,PE,1651609169
488,senneterre,48.3835,-77.2328,10.23,77,100,2.68,CA,1651609170
489,ruwi,23.5996,58.5507,31.83,45,0,4.16,OM,1651609171
490,le port,-20.9373,55.2919,22.0,78,27,2.17,RE,1651609171
491,buctzotz,21.2,-88.7833,38.61,25,11,2.68,MX,1651609172
492,victoriaville,46.0501,-71.9658,18.13,65,100,2.53,CA,1651609172
493,narasaraopet,16.25,80.0667,27.59,70,100,5.3,IN,1651609173
494,sinnamary,5.3833,-52.95,25.38,90,100,4.12,GF,1651609173
495,arlit,18.7369,7.3853,33.39,9,91,3.37,NE,1651609174
496,bousse,12.6606,-1.8922,34.89,24,74,2.68,BF,1651609174
497,marsa matruh,31.3525,27.2453,17.55,83,3,6.84,EG,1651609175
498,thinadhoo,0.5333,72.9333,27.72,77,100,6.76,MV,1651609176
499,iisalmi,63.5592,27.1907,-1.63,87,95,3.51,FI,1651609176
500,lixourion,38.2019,20.4314,14.0,100,20,0.0,GR,1651609177
501,barra do bugres,-15.0725,-57.1811,24.36,75,78,4.79,BR,1651609177
502,mogadishu,2.0371,45.3438,28.02,79,100,8.35,SO,1651609178
503,vrnograc,45.1636,15.9536,10.27,80,80,1.46,BA,1651609178
504,izvoare,44.15,23.2833,10.18,76,92,2.94,RO,1651609179
505,felanitx,39.4696,3.1483,17.2,90,61,3.52,ES,1651609179
506,dawei,14.0833,98.2,21.99,75,57,3.1,MM,1651609180
507,fukue,32.6881,128.8419,15.35,58,30,1.53,JP,1651609180
508,la palma,33.8464,-118.0467,25.5,62,75,5.66,US,1651609181
509,akcaabat,41.0212,39.5715,11.93,100,75,3.09,TR,1651609181
510,egvekinot,66.3167,-179.1667,-8.9,84,17,5.2,RU,1651609182
511,kizukuri,40.8061,140.3861,12.75,54,25,7.75,JP,1651609182
512,oranjemund,-28.55,16.4333,13.64,93,4,2.49,NA,1651609183
513,kabo,7.6994,18.629,25.26,64,95,1.79,CF,1651609183
514,rocha,-34.4833,-54.3333,15.76,69,41,2.9,UY,1651609184
515,chihuahua,28.5,-106.0,28.46,4,31,2.94,MX,1651609145
516,buchanan,5.8808,-10.0467,27.73,78,78,3.77,LR,1651609185
517,quatre cocos,-20.2078,57.7625,25.06,84,46,5.52,MU,1651609185
518,gualaco,15.05,-86.05,35.91,56,100,1.53,HN,1651609186
519,lagoa,39.05,-27.9833,16.5,85,58,5.01,PT,1651609186
520,seoul,37.5683,126.9778,9.69,64,0,2.57,KR,1651608954
521,bintulu,3.1667,113.0333,25.23,100,40,1.03,MY,1651609187
522,amnat charoen,15.9167,104.75,19.64,75,96,5.33,TH,1651609187
523,ca mau,9.1769,105.15,25.9,90,74,1.64,VN,1651609188
524,francisco sa,-16.4758,-43.4883,30.08,29,84,2.4,BR,1651609188
525,manosque,43.8288,5.7869,13.64,87,98,2.43,FR,1651609189
526,krasnyye baki,57.131,45.1599,8.4,89,100,2.75,RU,1651609190
527,northam,51.0333,-4.2167,11.45,88,94,2.05,GB,1651609191
528,auki,-8.7676,160.7034,24.61,82,100,1.79,SB,1651609192
529,sorong,-0.8833,131.25,27.21,82,100,2.48,ID,1651609193
530,manggar,-2.8833,108.2667,27.26,80,100,1.62,ID,1651609193
531,muros,42.7762,-9.0603,15.05,73,2,6.94,ES,1651609194
532,sobolevo,54.4299,31.8996,6.01,89,60,2.99,RU,1651609194
533,erzin,36.9559,36.2,20.5,52,89,2.09,TR,1651609195
534,suratgarh,29.3167,73.9,31.56,25,34,5.69,IN,1651609195
535,brasilia de minas,-16.2064,-44.4333,28.51,33,28,1.28,BR,1651609196
536,havelock,34.8791,-76.9013,29.97,74,0,5.14,US,1651608934
537,bonavista,48.6499,-53.1147,3.23,91,100,6.99,CA,1651609196
538,port-gentil,-0.7193,8.7815,27.98,89,40,3.6,GA,1651609197
539,troitskiy,57.0603,63.7481,6.47,64,40,2.95,RU,1651609197
540,kalamare,-22.9337,26.5703,15.52,46,0,1.02,BW,1651609198
541,kerman,30.2832,57.0788,15.92,36,0,0.0,IR,1651609133
542,coquimbo,-29.9533,-71.3436,14.85,82,0,4.12,CL,1651609031
543,agadez,19.75,10.25,31.16,14,68,3.85,NE,1651609199
544,tifton,31.4505,-83.5085,32.38,48,75,2.57,US,1651609199
545,borogontsy,62.6683,131.1683,-3.22,98,96,1.99,RU,1651609200
546,poshekhonye,58.4993,39.1353,2.33,90,100,3.29,RU,1651609201
547,santa rosalia,27.3167,-112.2833,26.61,33,98,2.33,MX,1651609201
548,boqueirao,-7.5,-36.1333,26.75,73,25,5.61,BR,1651609202
549,panyutyne,48.9333,36.2833,10.82,56,29,2.27,UA,1651609203
550,quibor,9.9287,-69.6201,30.84,39,17,6.93,VE,1651609203
